98,"Ab et reiciendis.","Porro dolorum dolores pariatur ullam et nemo dolorem ducimus provident dolorem non tempore vel voluptas explicabo quas omnis hic est inventore recusandae repellat cumque voluptate sed explicabo enim debitis est distinctio perspiciatis et enim adipisci corrupti eaque molestias eum iusto et quo qui alias sit totam voluptas dolore eum labore vel ut dolorum incidunt cupiditate qui sit quae neque dolores ratione alias ab velit id aspernatur laboriosam temporibus est soluta omnis quae tempora aut facere ducimus nihil aut inventore eaque laborum ex voluptates quod qui ratione totam rerum veritatis dignissimos hic.",251,ab-et-reiciendis,03/03/2022
99,"Voluptatem quod.","Voluptatum iste quis mollitia fuga velit cupiditate ullam vitae commodi dignissimos eius ad eum maiores nam similique quas vero illum temporibus et recusandae ut explicabo fugit sit dolor esse ipsam recusandae harum et aliquid consequatur eligendi doloremque nulla voluptatem atque sit eligendi eius nulla ut sed quia quia voluptas repudiandae rerum ex consectetur qui molestiae corporis expedita deserunt asperiores nostrum quasi voluptatem voluptas laboriosam mollitia cupiditate et reprehenderit ut eum quidem eveniet ad id odit mollitia eos vel praesentium aut at similique quaerat aut reiciendis possimus sint cupiditate distinctio eaque voluptatem nemo reiciendis provident iste magnam id blanditiis accusamus ad nihil dolorem odio ex quisquam ducimus non dolorem eos sint cumque eaque dolor occaecati natus est cupiditate vero quod eaque quidem voluptatem fugit reiciendis et sequi esse harum ab nesciunt perferendis amet alias ipsa repudiandae ratione sequi praesentium dolorem similique id quia ut est et omnis doloremque quia eum ad ducimus magnam illum id eos tempore id distinctio et.",181,voluptatem-quod,03/03/2022
100,"Temporibus repudiandae.","Vitae eaque aut cum ut magni quia vel magni consequuntur sunt et consectetur expedita nisi odit corporis sapiente et ratione non odio ut modi et id et deleniti deserunt labore excepturi temporibus harum facere aut commodi dolor eius odio veniam aspernatur sint laudantium beatae pariatur deleniti alias quas consequatur deserunt delectus earum aut error iusto tempore error non voluptatem sed quis et optio eveniet veritatis dolorum ipsam ducimus unde dolorum distinctio impedit dolores qui doloribus deserunt saepe aut aliquam aspernatur omnis non voluptatem deleniti amet est velit ut architecto qui aut pariatur rem qui suscipit reiciendis voluptatem officia quos temporibus doloribus culpa exercitationem et ex earum natus inventore ea iste amet non ut aliquid beatae aut voluptatibus quibusdam qui quia harum velit illum et et rerum incidunt eveniet est quis debitis quia.",204,temporibus-repudiandae,03/03/2022
101,"Molestiae veniam rerum.","Dicta rerum est veritatis itaque ut nemo velit ratione facilis ut ut aperiam dicta inventore non nisi provident et consequuntur odio neque ducimus voluptas fugit veritatis commodi minus amet earum consequuntur et possimus earum sequi non totam corporis possimus incidunt saepe numquam cupiditate perferendis explicabo et tenetur facere fugit omnis facere blanditiis ut dolor alias velit temporibus quo beatae fuga ut laboriosam inventore praesentium consequatur vel et placeat qui voluptatem deleniti sed officiis mollitia quo quibusdam provident sed ut voluptates beatae nisi debitis aut consectetur voluptas architecto quia est voluptatem dolores nisi eos asperiores id perferendis laborum esse accusamus alias est excepturi dolore rerum qui saepe voluptatem qui dolorum commodi adipisci in quasi asperiores laboriosam tempore ut sunt odio quo nihil occaecati aut corporis earum sequi consequuntur blanditiis fugit eum hic adipisci ullam magnam ut rerum tempore error enim sit excepturi accusamus minus tempore quo velit vel sed non dolores quia voluptatem eos necessitatibus rem voluptates debitis.",36,molestiae-veniam-rerum,03/03/2022
102,"Consequatur dolor consequatur.","Aut quisquam quas non rerum quae eius qui debitis illo dolor ipsam quo sed est alias minima dolores ratione labore aut minima possimus temporibus exercitationem non voluptates cupiditate omnis ullam numquam tenetur accusantium sunt ad ex ipsam atque sunt quis quisquam magnam dolorum natus rerum id voluptas quis repellendus nulla laudantium illum cumque odit dicta tenetur non ut accusantium aspernatur alias est numquam nam dolore corrupti esse eos non rem molestiae nulla aliquid quo dicta molestias eveniet dolore.",203,consequatur-dolor-consequatur,03/03/2022
103,"Sed nobis.","Nisi consequuntur sed et veritatis ad id dolorem sit debitis accusamus aut odit quo temporibus et deleniti dolores numquam voluptatibus cum cum voluptatem voluptatem et est sint similique ut quasi porro reprehenderit velit eaque doloremque atque sint non aut vel temporibus beatae quis quis ut atque ea dignissimos laudantium facilis aut debitis voluptatum officiis et provident occaecati qui aut fuga ipsa sequi enim mollitia quia placeat quibusdam magni alias temporibus ipsa ea non harum pariatur rerum asperiores saepe odit aspernatur voluptas eos et ratione nesciunt a aut iste facere quis vel quisquam repellendus esse nobis et rerum reiciendis similique perspiciatis voluptas incidunt ea qui voluptatibus quidem expedita totam modi inventore aperiam qui est consequatur dicta et autem quia veritatis dolor porro accusantium laborum quo quas perferendis facere mollitia qui.",159,sed-nobis,03/03/2022
104,"Est sint in.","Expedita repellat ut quis eum et expedita blanditiis possimus rem est illum repudiandae fuga dolor nihil aspernatur exercitationem quia alias et doloremque exercitationem id saepe nihil expedita alias et ea maiores odio quaerat saepe hic ut deleniti incidunt voluptates dolorem alias eaque aliquam officiis et consectetur eum rerum quia qui omnis quia a voluptatem iusto voluptatem illum et dolore sapiente necessitatibus sint sapiente ut id mollitia ut et ut officiis reiciendis voluptatem dolorem aut quo ab facilis sint illo ut provident dolor enim iste nam itaque.",149,est-sint-in,03/03/2022
105,"Voluptatibus molestiae.","Et voluptatem voluptas quidem libero est incidunt distinctio eveniet molestiae reiciendis quia ut ipsam eos molestiae sint laboriosam sit illum consequatur doloribus ea quaerat dolore sunt soluta sit est velit atque in deserunt soluta natus harum cupiditate eligendi et nemo quia deserunt aliquam id molestias et ut vel velit maxime harum consequatur dolor odit velit temporibus adipisci nemo minima enim aut ut quasi et ipsam commodi sunt temporibus suscipit consectetur nobis aliquam eum dolores ut dolores corrupti non eum eveniet qui dolorem rerum tempore ea deleniti animi fugit et sit voluptatem ipsam atque sequi vel consequatur vero et officia ipsam facere aspernatur est dolor expedita qui qui ipsa quos iusto reiciendis distinctio in facilis placeat distinctio consequatur officiis quia culpa omnis voluptas dolore incidunt est adipisci deleniti blanditiis voluptas harum eaque eum labore id sed minus deleniti aliquid voluptate pariatur odit consequuntur corporis totam et iure id et voluptatem laboriosam laboriosam sed consequatur suscipit qui enim rerum et vel ratione et eos nihil.",242,voluptatibus-molestiae,03/03/2022
106,"Fugiat beatae molestiae.","Minima ducimus omnis odio inventore quia quia commodi quis illum molestias consequatur ullam dolorem aut provident et beatae reprehenderit eos impedit adipisci et non sequi quam et officia exercitationem magni velit vel exercitationem optio accusamus quia at est sit sunt nobis omnis temporibus repudiandae itaque quia numquam quidem eum iure culpa omnis ut modi et reprehenderit autem laborum mollitia provident dolorem magnam tempora quisquam sit id sed eligendi quasi at non deserunt debitis dicta iusto pariatur exercitationem omnis aspernatur qui sunt expedita qui fuga perferendis ut dolor ut ut nulla velit fugit dicta dolorem nostrum nemo et earum voluptatem molestias dolores modi magni quo cupiditate in quos similique mollitia recusandae assumenda cumque quae harum quisquam illo corrupti sit asperiores dolor et natus sed vitae nam aliquid voluptatibus adipisci.",151,fugiat-beatae-molestiae,03/03/2022
107,"Exercitationem quae neque.","Earum voluptatem odit eum quibusdam sunt ut quia assumenda animi quae fugit ab nobis rerum est illum reprehenderit fugiat sit reiciendis asperiores eius illum nihil qui in et laborum rerum sint molestiae maiores molestiae omnis id quas corporis dolores eveniet inventore sed quaerat voluptatibus quo unde dignissimos quia tenetur accusantium voluptas assumenda velit cupiditate non accusantium dolore veniam consequatur et nam et ut est tempore rerum aut in eligendi id facere natus repudiandae ut non fuga quos vitae eum ipsa dolorem tempore animi suscipit dolor repellat deleniti ullam.",107,exercitationem-quae-neque,03/03/2022
108,"Enim vitae omnis.","Ipsam provident qui voluptatibus nesciunt voluptas nesciunt aliquam debitis aut possimus atque sit tempore labore ratione quam harum tempore exercitationem et inventore consequatur occaecati eos repellat alias repellendus aspernatur illum ex voluptatem qui eaque ut et deleniti similique nemo ut accusantium facilis alias dolorem minus sed et eligendi repellendus explicabo a omnis non beatae aut sapiente autem vel placeat tenetur quia veniam ut aperiam incidunt adipisci omnis atque ipsum temporibus consequuntur facilis distinctio aliquid deleniti eos inventore tenetur perspiciatis magni non ratione sit reiciendis molestiae adipisci ut sed debitis ipsum sit quod enim voluptatem unde molestiae doloremque voluptatum accusantium maiores quidem perspiciatis commodi enim ut unde quisquam quia aut veritatis et aperiam sint dicta nihil ut eos corrupti placeat saepe tempore consequatur sit cumque veritatis labore.",28,enim-vitae-omnis,03/03/2022
109,"Laborum et.","Id nisi aut eveniet a vel quibusdam commodi et minus ut ullam iusto delectus ut voluptatem ad voluptatem quis ut fugit quo ullam aspernatur fugiat id velit consequatur optio facere et quaerat rem id cumque nobis est praesentium totam ad asperiores provident impedit sit vitae quod in dolore sint sit omnis dolores sed perspiciatis doloribus qui est dolor sed sit recusandae quam nam nihil et earum aspernatur nihil molestias ratione ut adipisci ut iste vel fugit voluptas porro aut vero ipsum et corporis ut sunt sed sed nisi id in voluptas voluptas voluptatem reiciendis.",231,laborum-et,03/03/2022
